"clang","test/CMakeFiles/unit.concepts.exe.dir/Debug/unit/concepts.cpp.o",613501,553452,132976
"clang","test/CMakeFiles/unit.access.exe.dir/Debug/unit/access.cpp.o",703722,635846,135780
"clang","test/CMakeFiles/unit.constraints.exe.dir/Debug/unit/constraints.cpp.o",582655,529687,135260
"clang","test/CMakeFiles/unit.contains.exe.dir/Debug/unit/contains.cpp.o",678625,625655,137812
"clang","test/CMakeFiles/unit.doc.exe.dir/Debug/unit/doc.cpp.o",457632,410567,129388
"clang","test/CMakeFiles/unit.drop.exe.dir/Debug/unit/drop.cpp.o",721440,668408,139236
"clang","test/CMakeFiles/unit.extract_types.exe.dir/Debug/unit/extract_types.cpp.o",662561,593503,135320
"clang","test/CMakeFiles/unit.fetch.exe.dir/Debug/unit/fetch.cpp.o",662205,607188,137820
"clang","test/CMakeFiles/unit.interface.exe.dir/Debug/unit/interface.cpp.o",636803,575822,136408
"clang","test/CMakeFiles/unit.merge.exe.dir/Debug/unit/merge.cpp.o",676759,610783,138252
"clang","test/CMakeFiles/unit.size.exe.dir/Debug/unit/size.cpp.o",652757,596778,137796
