"clang","test/CMakeFiles/unit.concepts.exe.dir/Debug/unit/concepts.cpp.o",463374,433154,137924
"clang","test/CMakeFiles/unit.access.exe.dir/Debug/unit/access.cpp.o",537879,498888,141480
"clang","test/CMakeFiles/unit.constraints.exe.dir/Debug/unit/constraints.cpp.o",438095,410089,135876
"clang","test/CMakeFiles/unit.contains.exe.dir/Debug/unit/contains.cpp.o",525451,493485,141984
"clang","test/CMakeFiles/unit.doc.exe.dir/Debug/unit/doc.cpp.o",331067,308063,130196
"clang","test/CMakeFiles/unit.drop.exe.dir/Debug/unit/drop.cpp.o",552406,507455,143268
"clang","test/CMakeFiles/unit.extract_types.exe.dir/Debug/unit/extract_types.cpp.o",500001,476001,142304
"clang","test/CMakeFiles/unit.fetch.exe.dir/Debug/unit/fetch.cpp.o",515425,484460,140852
"clang","test/CMakeFiles/unit.interface.exe.dir/Debug/unit/interface.cpp.o",478257,447241,138380
"clang","test/CMakeFiles/unit.merge.exe.dir/Debug/unit/merge.cpp.o",518423,483395,139984
"ld","unit/Debug/unit.access.exe",43726,35130,72560
"clang","test/CMakeFiles/unit.size.exe.dir/Debug/unit/size.cpp.o",485500,452466,140912
"ld","unit/Debug/unit.concepts.exe",39728,33022,72636
"ld","unit/Debug/unit.constraints.exe",41299,30219,71424
"ld","unit/Debug/unit.doc.exe",34697,31693,72284
"ld","unit/Debug/unit.contains.exe",41271,30543,72224
"ld","unit/Debug/unit.drop.exe",39986,33988,72224
"ld","unit/Debug/unit.extract_types.exe",40816,29866,72560
"ld","unit/Debug/unit.fetch.exe",41437,33335,72140
"ld","unit/Debug/unit.interface.exe",39799,31635,72132
"ld","unit/Debug/unit.merge.exe",41560,34456,72068
"ld","unit/Debug/unit.size.exe",40801,34278,72936
